Count of Employee Id,Count of Employee Name,Position Description,Location Description
1,,Assistant Director,Layton
10111,,Direct Support Professional,Orem
102222,,Direct Support Professional,Salt Lake
103,,House Manager,Logan
103111,,House Manager,Vernal
106,,Work Crew,Logan
103222,,Regional Compliance Administrator,Overhead
104111,,Assistant Manager,Price
105111,,Supported Employment Supervisor,Lehi
106111,,Director,Vernal
114111,,House / Residential Manager,Roosevelt
11222,,Direct Support Professional,St. George
12111,,Direct Support Professional,Vernal
114222,,Host Home,South Valley
126111,,Compliance Administrator ,Roosevelt
128,,Compliance Administrator ,Logan
129111,,Compliance Administrator ,Vernal
106222,,Day Service Employee,Salt Lake
119111,,House Manager,Orem
124111,,House / Residential Manager,Vernal
110,,Not Defined,Layton
120111,,Director of DCFS/HH,Overhead
113111,,Direct Support Professional,Price
122111,,Day Program Supervisor,Lehi
116,,Life Skills Instructor,Ogden
117111,,Job Coach,Tremonton
111,,Direct Support Professional,Layton
121111,,Assistant Director,Vernal
116111,,House Manager,Lehi
112111,,Direct Support Professional,Vernal
178222,,Host Home,South Valley
165,,House Manager,Layton
153111,,Day Service Employee,Lehi
13222,,Assistant Director,St. George
169111,,Supported Employment Supervisor,Lehi
147111,,Direct Support Professional,Spanish Fork
157111,,Compliance Administrator ,Price
13111,,Direct Support Professional,Orem
18111,,House Manager,Orem
162111,,Direct Support Professional,Orem
156111,,Direct Support Professional,Lehi
177222,,Direct Support Professional,Salt Lake
136222,,House Manager,Salt Lake
15,,Direct Support Professional,Logan
123111,,Direct Support Professional,Roosevelt
18,,Assistant Director,Ogden
182222,,Director,Salt Lake
144111,,Chief Executive Officer ,Overhead
135111,,Supported Living Coach,Lehi
174,,Direct Support Professional,Ogden
171111,,Direct Support Professional,Tremonton
151,,House Manager,Logan
134111,,House Manager,Roosevelt
183111,,Direct Support Professional,Spanish Fork
171,,House Manager,Layton
132222,,Direct Support Professional,Salt Lake
137111,,Direct Support Professional,Vernal
122222,,Assistant Director,Salt Lake
150,,House Manager,Logan
150222,,Day Service Employee,Salt Lake
128111,,Direct Support Professional,Vernal
149222,,Direct Support Professional,Salt Lake
160111,,Direct Support Professional,Orem
133111,,Assistant Manager,Price
148222,,Compliance Administrator ,St. George
155111,,House Manager,Tremonton
129222,,House / Residential Manager,Salt Lake
145111,,Direct Support Professional,Vernal
131222,,Host Home,Layton
153222,,Compliance Administrator ,Salt Lake
26,,Assistant Director,Layton
278111,,Behavior Analyst,Lehi
228111,,House / Residential Manager,Orem
28,,Director,Logan
271111,,Assistant Director,Roosevelt
231111,,Regional Compliance Administrator,Overhead
283111,,Recruiter,Roosevelt
276111,,Day Program Supervisor,Vernal
186111,,Direct Support Professional,Vernal
222111,,Compliance Administrator ,Overhead
250111,,Day Service Employee,Orem
267111,,Direct Support Professional,Orem
260111,,Day Service Employee,Spanish Fork
193222,,Direct Support Professional,Salt Lake
19111,,Day Service Employee,Orem
21111,,Director,Lehi
26111,,House / Residential Manager,Vernal
192222,,Assistant Director,Salt Lake
19222,,Behavior Analyst,South Valley
188111,,Direct Support Professional,Orem
295111,,Day Service Employee,Salt Lake
220111,,Direct Support Professional,Spanish Fork
212111,,Director,Spanish Fork
243111,,Not Defined,Overhead
293111,,Direct Support Professional,Vernal
224111,,Assistant Director,Orem
247111,,Direct Support Professional,Vernal
196222,,House Manager,Spanish Fork
21222,,Direct Support Professional,Salt Lake
266,,Direct Support Professional,Layton
240111,,Direct Support Professional,Roosevelt
25,,Director,Ogden
181222,,House / Residential Manager,Salt Lake
22222,,Direct Support Professional,South Valley
270111,,HH/PP Manager,Orem
242,,Professional Parent,Ogden
233111,,Direct Support Professional,Vernal
230111,,Assistant Manager,Orem
277111,,Day Service Employee,Price
184222,,House / Residential Manager,Salt Lake
169,,Facilities Manager,Ogden
256111,,Direct Support Professional,Tremonton
183,,Direct Support Professional,Logan
232111,,Compliance Administrator ,Orem
20222,,Direct Support Professional,St. George
199222,,Day Program Supervisor,Salt Lake
22111,,Direct Support Professional,Orem
292111,,House / Residential Manager,Roosevelt
234111,,Assistant Director,Overhead
282111,,Day Program Supervisor,Orem
221,,Direct Support Professional,Logan
165222,,Day Program Supervisor,St. George
200222,,Assistant Director,Overhead
265111,,Not Defined,Overhead
3,,Direct Support Professional,Layton
262111,,Day Program Supervisor,Roosevelt
287111,,Employment Specialist,Orem
213222,,Direct Support Professional,Salt Lake
168111,,House Manager,Orem
216111,,Direct Support Professional,Vernal
276,,Direct Support Professional,Logan
296111,,Compliance Administrator ,Spanish Fork
166222,,Compliance Administrator ,Salt Lake
268111,,Nurse,Orem
25111,,Administrative  Assistant,Vernal
181111,,House Manager,Orem
273111,,Direct Support Professional,Tremonton
181,,Direct Support Professional,Logan
186222,,Day Program Supervisor,Salt Lake
16111,,Director,Tremonton
191111,,Direct Support Professional,Logan
196111,,Direct Support Professional,Orem
238,,Direct Support Professional,Logan
210111,,Assistant Manager,Spanish Fork
201111,,Regional Compliance Administrator,Overhead
207,,Direct Support Professional,Ogden
185,,Direct Support Professional,Logan
263111,,Direct Support Professional,Price
160222,,Assistant Director,Salt Lake
195111,,Direct Support Professional,Price
460111,,Direct Support Professional,Vernal
57111,,Direct Support Professional,Roosevelt
57,,Day Program Supervisor,Layton
308222,,Direct Support Professional,Orem
306111,,Direct Support Professional,Lehi
441222,,Director,South Valley
407222,,Direct Support Professional,South Valley
529111,,Director,St. George
617,,Behavior Analyst,Orem
347111,,Direct Support Professional,Spanish Fork
65111,,Day Service Employee,Tremonton
301111,,Compliance Administrator ,Spanish Fork
72222,,Employment Specialist,Salt Lake
763246,,Direct Support Professional,Orem
763438,,Not Defined,Orem
763405,,Direct Support Professional,Salt Lake
763384,,Day Service Employee,Vernal
763431,,Recruiter,South Valley
763467,,Supported Living Coach,South Valley
763523,,Direct Support Professional,Vernal
763561,,Facilities Manager,Ogden
56222,,Supported Living Coach,South Valley
723222,,Direct Support Professional,South Valley
488222,,House Manager,South Valley
318111,,Direct Support Professional,Vernal
349111,,Direct Support Professional,Vernal
373222,,Day Service Employee,St. George
411111,,Compliance Administrator ,Lehi
36222,,Direct Support Professional,Salt Lake
71,,Direct Support Professional,Ogden
381222,,Direct Support Professional,Salt Lake
69111,,Direct Support Professional,Price
326111,,Direct Support Professional,Vernal
48111,,Host Home,Tremonton
41222,,Direct Support Professional,Salt Lake
31222,,Lead Behaviorist ,Salt Lake
73111,,House Manager,Spanish Fork
763241,,Nurse,South Valley
763409,,Host Home,South Valley
763319,,Host Home,South Valley
763385,,Direct Support Professional,Vernal
763566,,Recruiter,Tremonton
51222,,Assistant Director,Salt Lake
423111,,Direct Support Professional,Overhead
362222,,Professional Parent,South Valley
341111,,Behavior Analyst,Vernal
478111,,Host Home,Roosevelt
65,,House / Residential Manager,Logan
52,,Direct Support Professional,Logan
71222,,Day Service Employee,Salt Lake
763267,,Day Service Employee,Tremonton
763242,,Direct Support Professional,St. George
763489,,Direct Support Professional,Orem
308111,,Direct Support Professional,Overhead
328111,,Direct Support Professional,Vernal
570111,,Day Service Employee,Tremonton
555111,,Employment Specialist,Lehi
36111,,Director,Price
40,,Direct Support Professional,Layton
45,,Behavior Analyst,Salt Lake
59,,Direct Support Professional,Layton
33111,,Assistant Manager,Orem
75222,,Day Service Employee,Salt Lake
60222,,Director,Salt Lake
34111,,Direct Support Professional,Spanish Fork
72111,,Employment Specialist,Roosevelt
327111,,Not Defined,Vernal
73222,,Direct Support Professional,Salt Lake
763249,,Compliance Administrator ,Lehi
763351,,Direct Support Professional,Logan
763423,,Day Service Employee,Orem
763387,,Direct Support Professional,Vernal
763366,,Direct Support Professional,Vernal
763377,,Direct Support Professional,Layton
50222,,Nurse,Salt Lake
420,,Direct Support Professional,Layton
47,,Compliance Administrator ,Tremonton
495222,,Direct Support Professional,South Valley
511,,Day Service Employee,Tremonton
322111,,House Manager,Orem
611,,Assistant Director,South Valley
482222,,Direct Support Professional,Salt Lake
381111,,Direct Support Professional,Vernal
50,,Job Coach,Layton
763297,,Day Service Employee,Price
763234,,Employment Specialist,Salt Lake
763358,,Direct Support Professional,Lehi
763345,,Direct Support Professional,Logan
319111,,Direct Support Professional,Orem
329111,,Direct Support Professional,Lehi
41,,Direct Support Professional,Layton
39222,,Direct Support Professional,Salt Lake
62,,Food Program Technician,Overhead
70111,,Director,Price
332111,,Direct Support Professional,Tremonton
76,,Compliance Administrator ,Ogden
387111,,Direct Support Professional,Price
633,,Direct Support Professional,Salt Lake
309111,,Compliance Administrator ,Tremonton
365111,,Direct Support Professional,Lehi
763421,,Compliance Administrator ,South Valley
763426,,Direct Support Professional,Spanish Fork
763380,,House / Residential Manager,Price
763451,,Direct Support Professional,Vernal
763263,,Direct Support Professional,Vernal
54,,Direct Support Professional,Layton
49111,,Employment Specialist,South Valley
413111,,Assistant Manager,Orem
473,,Direct Support Professional,Logan
390111,,Direct Support Professional,Orem
592,,Direct Support Professional,Price
495111,,Supported Employment Supervisor,Logan
36,,HH/PP Manager,Ogden
37111,,Director,Roosevelt
51111,,Day Service Employee,Vernal
53,,House Manager,Logan
52222,,Administrative  Assistant,Salt Lake
32,,Nurse,Logan
394111,,Direct Support Professional,Spanish Fork
50111,,House / Residential Manager,Vernal
646,,Direct Support Professional,Spanish Fork
525222,,Assistant Director,Lehi
612,,Host Home,Spanish Fork
47222,,Behavior Analyst,Overhead
334111,,Host Home,Orem
364222,,Host Home,St. George
522111,,Nurse,Vernal
44111,,House Manager,Tremonton
719222,,Direct Support Professional,Layton
464222,,Administrative  Assistant,Salt Lake
446222,,Direct Support Professional,Salt Lake
614,,Director,South Valley
763256,,House / Residential Manager,Orem
763333,,Host Home,Spanish Fork
763556,,House Manager,St. George
407111,,Direct Support Professional,Vernal
376111,,Day Program Supervisor,Tremonton
338,,Behavior Analyst,Tremonton
58,,Life Skills Instructor,Ogden
39,,Direct Support Professional,Ogden
323111,,Direct Support Professional,Orem
452222,,Direct Support Professional,Roosevelt
66111,,Day Service Employee,Lehi
426111,,Direct Support Professional,Price
5,,Behavior Analyst,Ogden
508111,,Direct Support Professional,Price
366111,,Direct Support Professional,Lehi
5111,,Assistant Director,Orem
53111,,Direct Support Professional,Price
66,,Day Service Employee,Logan
397111,,Direct Support Professional,Orem
571111,,Not Defined,Overhead
359,,Direct Support Professional,Logan
763270,,Day Program Supervisor,Orem
763278,,Day Service Employee,Price
763235,,Direct Support Professional,Salt Lake
763383,,Direct Support Professional,Vernal
763386,,Direct Support Professional,Vernal
763368,,Direct Support Professional,Roosevelt
763465,,Direct Support Professional,Lehi
763832,,Direct Support Professional,Layton
763980,,Direct Support Professional,Logan
764152,,Direct Support Professional,Orem
764101,,Direct Support Professional,Vernal
764196,,Direct Support Professional,Price
764253,,Direct Support Professional,Vernal
764370,,Direct Support Professional,Salt Lake
764648,,Facilities Manager,Ogden
764691,,Host Home,Logan
764694,,Host Home,Roosevelt
764704,,Host Home,Salt Lake
764958,,Direct Support Professional,Layton
765133,,Professional Parent,Ogden
765139,,Day Service Employee,South Valley
765218,,Host Home,South Valley
765347,,Direct Support Professional,Price
765545,,House / Residential Manager,Lehi
765811,,Professional Parent,Ogden
765846,,Direct Support Professional,Price
765942,,Host Home,Spanish Fork
765880,,Direct Support Professional,Tremonton
765889,,Direct Support Professional,Salt Lake
766268,,Administrative  Assistant,Salt Lake
766160,,Direct Support Professional,Ogden
766242,,HH/PP Manager,South Valley
766185,,Direct Support Professional,Salt Lake
766191,,Host Home,Lehi
765975,,Direct Support Professional,Tremonton
766236,,Direct Support Professional,Layton
766354,,Host Home,Ogden
766384,,Day Program Supervisor,South Valley
766345,,Professional Parent,Spanish Fork
766425,,Compliance Administrator ,Layton
766375,,Direct Support Professional,Layton
763578,,Day Program Supervisor,Spanish Fork
763676,,House Manager,South Valley
763739,,Direct Support Professional,Vernal
763728,,Direct Support Professional,Vernal
763959,,Direct Support Professional,Orem
763986,,Day Service Employee,Vernal
764077,,Direct Support Professional,Orem
764110,,House Manager,St. George
764371,,Direct Support Professional,South Valley
764474,,Direct Support Professional,South Valley
764376,,Assistant Manager,South Valley
764713,,Host Home,South Valley
764687,,Host Home,Logan
764738,,Direct Support Professional,Ogden
764696,,Host Home,Ogden
764699,,Host Home,Ogden
764697,,Host Home,Ogden
764705,,Host Home,Spanish Fork
764706,,Host Home,Spanish Fork
764707,,Host Home,Spanish Fork
764797,,Direct Support Professional,Orem
764917,,House / Residential Manager,Price
765080,,Direct Support Professional,Vernal
764813,,Direct Support Professional,Salt Lake
765134,,Professional Parent,Ogden
765208,,Behavior Analyst,Logan
765205,,Direct Support Professional,Salt Lake
765230,,Direct Support Professional,Logan
765239,,Professional Parent,Spanish Fork
765608,,Assistant Director,Orem
765572,,Direct Support Professional,Vernal
765686,,Day Service Employee,Ogden
765603,,Direct Support Professional,Salt Lake
765588,,Direct Support Professional,Price
766131,,Direct Support Professional,Ogden
766100,,Direct Support Professional,Lehi
766310,,Host Home,Ogden
766313,,Direct Support Professional,South Valley
766060,,Direct Support Professional,South Valley
766299,,Direct Support Professional,Layton
766232,,Day Service Employee,St. George
766406,,Day Program Supervisor,Salt Lake
766413,,Direct Support Professional,Vernal
763831,,Direct Support Professional,Salt Lake
764065,,Assistant Manager,Orem
764051,,Assistant Manager,Roosevelt
764043,,Direct Support Professional,Logan
764088,,Direct Support Professional,Orem
764214,,Direct Support Professional,Vernal
764235,,Direct Support Professional,Lehi
764237,,House / Residential Manager,Roosevelt
764329,,Direct Support Professional,Salt Lake
764535,,House / Residential Manager,Price
764416,,Direct Support Professional,Vernal
764746,,Direct Support Professional,Layton
764711,,Host Home,South Valley
764690,,Host Home,Logan
764692,,Host Home,Tremonton
764700,,Host Home,Ogden
764701,,Host Home,Ogden
764870,,Direct Support Professional,Orem
765008,,Direct Support Professional,St. George
764941,,Day Service Employee,Price
765001,,Direct Support Professional,Vernal
765177,,Direct Support Professional,Vernal
765221,,Direct Support Professional,Salt Lake
765613,,Direct Support Professional,Salt Lake
765666,,Compliance Administrator ,South Valley
765745,,Direct Support Professional,Logan
765822,,Direct Support Professional,Spanish Fork
765812,,Direct Support Professional,Salt Lake
765919,,Direct Support Professional,Ogden
765925,,House / Residential Manager,South Valley
766145,,Nurse,St. George
766344,,Behavior Analyst,Orem
766404,,Direct Support Professional,Price
766417,,Direct Support Professional,Lehi
763616,,Direct Support Professional,Tremonton
763700,,Direct Support Professional,Logan
763744,,Direct Support Professional,Logan
763948,,Professional Parent,South Valley
764039,,Day Service Employee,Tremonton
764064,,Direct Support Professional,Orem
764586,,Direct Support Professional,Salt Lake
764445,,Direct Support Professional,Roosevelt
764447,,Direct Support Professional,Salt Lake
764352,,Direct Support Professional,Logan
764575,,Administrative  Assistant,Lehi
764356,,Direct Support Professional,Vernal
764430,,Day Service Employee,Ogden
764712,,Host Home,South Valley
764686,,Host Home,Logan
764783,,House Manager,Orem
765090,,Direct Support Professional,Roosevelt
764898,,Direct Support Professional,Lehi
765190,,Direct Support Professional,Vernal
765440,,House / Residential Manager,Vernal
765644,,Direct Support Professional,Vernal
765620,,House Manager,Spanish Fork
765628,,Direct Support Professional,Logan
765760,,Direct Support Professional,Orem
765750,,House Manager,Tremonton
765770,,Direct Support Professional,Salt Lake
765801,,Day Service Employee,Price
765785,,Facilities Manager,Ogden
765779,,Direct Support Professional,Salt Lake
765952,,Direct Support Professional,Logan
765900,,Direct Support Professional,Orem
766254,,Direct Support Professional,Spanish Fork
766319,,House Manager,Ogden
766174,,Direct Support Professional,Roosevelt
766228,,Day Service Employee,Tremonton
766427,,Direct Support Professional,Price
763703,,Direct Support Professional,Vernal
763684,,Direct Support Professional,Orem
763749,,Administrative  Assistant,Layton
763751,,Direct Support Professional,South Valley
763770,,Direct Support Professional,Vernal
763950,,Direct Support Professional,Lehi
763972,,Assistant Manager,Orem
764058,,Direct Support Professional,Salt Lake
763999,,Direct Support Professional,Vernal
764208,,Employment Specialist,Tremonton
764300,,Host Home,Ogden
764381,,Direct Support Professional,South Valley
764350,,Direct Support Professional,Spanish Fork
764454,,Day Service Employee,Orem
764397,,Direct Support Professional,Vernal
764521,,Day Service Employee,Vernal
764634,,Direct Support Professional,Salt Lake
764689,,Host Home,Logan
765150,,Host Home,Tremonton
765112,,Direct Support Professional,Tremonton
765146,,Direct Support Professional,Tremonton
765198,,Direct Support Professional,Ogden
765278,,Direct Support Professional,Orem
765253,,Direct Support Professional,St. George
765312,,Direct Support Professional,Logan
765409,,Direct Support Professional,Orem
765496,,Direct Support Professional,Salt Lake
765548,,Direct Support Professional,Spanish Fork
765676,,Direct Support Professional,Layton
765632,,Direct Support Professional,Lehi
765794,,Host Home,Tremonton
765720,,Direct Support Professional,South Valley
765777,,Direct Support Professional,Salt Lake
765905,,Day Service Employee,Lehi
766005,,Compliance Administrator ,South Valley
766093,,Behavior Analyst,Logan
766371,,Direct Support Professional,Price
763644,,House Manager,Orem
763662,,Direct Support Professional,Vernal
763650,,Direct Support Professional,Price
763715,,Direct Support Professional,Vernal
763732,,Direct Support Professional,Salt Lake
763852,,House / Residential Manager,Salt Lake
763949,,Day Service Employee,Salt Lake
763901,,Direct Support Professional,Spanish Fork
764332,,House / Residential Manager,Lehi
764767,,Host Home,South Valley
765070,,Host Home,St. George
765087,,House Manager,Tremonton
764877,,Professional Parent,South Valley
765056,,Day Service Employee,Orem
765055,,Direct Support Professional,Spanish Fork
765123,,Host Home,Tremonton
765279,,Behavior Analyst,Orem
765267,,Behavior Analyst,Salt Lake
765337,,House Manager,Spanish Fork
765355,,Direct Support Professional,Tremonton
765357,,Direct Support Professional,Logan
765574,,House / Residential Manager,Salt Lake
765544,,Direct Support Professional,Lehi
765481,,Job Coach,Tremonton
765585,,Host Home,Layton
765696,,Direct Support Professional,Logan
765687,,Direct Support Professional,Layton
765652,,Direct Support Professional,Salt Lake
765654,,Direct Support Professional,Salt Lake
765724,,House Manager,Tremonton
766164,,House Manager,South Valley
766047,,Assistant Director,Lehi
765981,,Day Service Employee,Ogden
766012,,Direct Support Professional,Spanish Fork
766190,,Direct Support Professional,Orem
765977,,Direct Support Professional,Salt Lake
766348,,Host Home,South Valley
766408,,Day Service Employee,Salt Lake
763583,,Job Coach,Salt Lake
763730,,Direct Support Professional,Orem
763817,,Direct Support Professional,Vernal
763946,,House Manager,Orem
763851,,House / Residential Manager,Salt Lake
764124,,Direct Support Professional,Lehi
764296,,Day Program Supervisor,Tremonton
764318,,Direct Support Professional,Salt Lake
764322,,Direct Support Professional,South Valley
764460,,Direct Support Professional,Layton
764394,,Direct Support Professional,Logan
764714,,Host Home,South Valley
764688,,Host Home,Logan
764937,,House Manager,Spanish Fork
764834,,Host Home,South Valley
765011,,Direct Support Professional,Vernal
764990,,Direct Support Professional,Salt Lake
765064,,Professional Parent,Ogden
765065,,Professional Parent,Ogden
765105,,Direct Support Professional,Roosevelt
765107,,Direct Support Professional,Layton
765388,,Direct Support Professional,Tremonton
765283,,Behavior Analyst,Salt Lake
765287,,Direct Support Professional,Logan
765462,,Host Home,Lehi
765442,,Direct Support Professional,Logan
765591,,Direct Support Professional,Spanish Fork
765600,,Direct Support Professional,Salt Lake
765635,,House / Residential Manager,Price
765618,,Direct Support Professional,Roosevelt
765582,,Direct Support Professional,Salt Lake
765726,,Direct Support Professional,Vernal
765927,,Direct Support Professional,Spanish Fork
765902,,Supported Employment Supervisor,Price
765916,,Day Service Employee,Lehi
766048,,House Manager,Roosevelt
766011,,House / Residential Manager,St. George
766184,,Host Home,Lehi
766110,,Direct Support Professional,Salt Lake
766180,,Direct Support Professional,Orem
766214,,Direct Support Professional,South Valley
766412,,Direct Support Professional,Lehi
766419,,Direct Support Professional,Layton
766367,,House Manager,Vernal
763698,,House Manager,Ogden
763750,,Direct Support Professional,Logan
763789,,Direct Support Professional,Lehi
763786,,Direct Support Professional,Logan
763947,,Direct Support Professional,Orem
763976,,Direct Support Professional,South Valley
763879,,House Manager,Price
763874,,Direct Support Professional,St. George
763921,,Direct Support Professional,Lehi
764185,,Direct Support Professional,Orem
764178,,Direct Support Professional,Vernal
764132,,Professional Parent,South Valley
764120,,Direct Support Professional,Orem
764269,,Direct Support Professional,Roosevelt
764319,,Day Program Supervisor,Orem
764294,,Direct Support Professional,St. George
764566,,House Manager,St. George
764481,,House Manager,Orem
764651,,Direct Support Professional,Salt Lake
764406,,Direct Support Professional,South Valley
764720,,Administrative  Assistant,Salt Lake
764708,,Direct Support Professional,Vernal
764710,,Host Home,Lehi
764719,,Host Home,South Valley
764698,,HH/PP Manager,Ogden
764632,,Direct Support Professional,Spanish Fork
764703,,Host Home,Salt Lake
764823,,Direct Support Professional,Salt Lake
764852,,Host Home,Lehi
764987,,House / Residential Manager,Salt Lake
764923,,Direct Support Professional,Layton
765126,,Direct Support Professional,Price
765160,,Direct Support Professional,Lehi
765192,,Direct Support Professional,Vernal
765194,,HH/PP Manager,Lehi
765389,,Direct Support Professional,Spanish Fork
765310,,Direct Support Professional,Orem
765364,,House / Residential Manager,Salt Lake
765345,,Day Service Employee,Lehi
765457,,Direct Support Professional,Salt Lake
765554,,Host Home,Spanish Fork
765483,,Direct Support Professional,Salt Lake
765645,,House Manager,Tremonton
765630,,Direct Support Professional,Spanish Fork
766252,,Behavior Analyst,Tremonton
766112,,Direct Support Professional,Salt Lake
766186,,Day Program Supervisor,Ogden
766327,,Host Home,Lehi
766314,,Direct Support Professional,South Valley
766070,,Direct Support Professional,Spanish Fork
766421,,Day Service Employee,Salt Lake
766359,,House Manager,Roosevelt
766416,,House Manager,Tremonton
763623,,Direct Support Professional,Roosevelt
94111,,Supported Living Coach,Price
98,,Direct Support Professional,Logan
80111,,Vice President of Client Relations ,Overhead
766512,,Host Home,Salt Lake
766533,,Direct Support Professional,Price
766701,,Job Coach,Lehi
766695,,Behavior Analyst,Ogden
766731,,Direct Support Professional,Spanish Fork
766897,,Host Home,Orem
766910,,House / Residential Manager,Logan
767012,,Day Program Supervisor,Logan
767017,,Direct Support Professional,Logan
767099,,House / Residential Manager,Price
767369,,Direct Support Professional,Vernal
767527,,Direct Support Professional,Roosevelt
767479,,Behavior Analyst,Lehi
767166,,Direct Support Professional,Spanish Fork
767421,,House Manager,Orem
767176,,Direct Support Professional,Spanish Fork
767147,,Direct Support Professional,Logan
767233,,Direct Support Professional,South Valley
767670,,Direct Support Professional,Ogden
767719,,Direct Support Professional,Tremonton
767747,,Direct Support Professional,Vernal
767708,,Direct Support Professional,South Valley
767710,,Direct Support Professional,St. George
767740,,Direct Support Professional,Salt Lake
767894,,Direct Support Professional,Orem
767833,,Direct Support Professional,Layton
767885,,Direct Support Professional,Layton
767777,,House Manager,Lehi
767778,,Supported Employment Supervisor,Spanish Fork
767808,,Direct Support Professional,South Valley
767794,,Direct Support Professional,Vernal
767964,,Direct Support Professional,Orem
767968,,Direct Support Professional,Layton
768001,,Direct Support Professional,Spanish Fork
767994,,Direct Support Professional,Tremonton
768067,,Direct Support Professional,Orem
768007,,Host Home,Spanish Fork
768042,,Direct Support Professional,South Valley
768135,,Day Service Employee,Lehi
768080,,Day Service Employee,Orem
768160,,Assistant Manager,Tremonton
768104,,Direct Support Professional,Orem
768143,,Direct Support Professional,Salt Lake
768255,,Direct Support Professional,St. George
768249,,Direct Support Professional,Salt Lake
768208,,Direct Support Professional,St. George
768179,,Direct Support Professional,St. George
768347,,Direct Support Professional,Price
768355,,Direct Support Professional,Orem
768317,,Day Service Employee,Orem
768340,,Assistant Manager,Tremonton
768304,,Direct Support Professional,Tremonton
768292,,Direct Support Professional,Salt Lake
768440,,Direct Support Professional,Lehi
768449,,Direct Support Professional,Layton
768451,,Assistant Manager,South Valley
768406,,Assistant Manager,Spanish Fork
768458,,Direct Support Professional,St. George
768421,,Direct Support Professional,Orem
768529,,Direct Support Professional,Roosevelt
768492,,Direct Support Professional,St. George
768500,,Direct Support Professional,Lehi
768497,,Direct Support Professional,St. George
768496,,Direct Support Professional,Layton
96111,,Director,Overhead
98111,,Direct Support Professional,Vernal
81111,,Direct Support Professional,Orem
772,,Host Home,Lehi
85222,,Direct Support Professional,Salt Lake
766491,,Direct Support Professional,Lehi
766525,,Direct Support Professional,South Valley
766676,,Direct Support Professional,Lehi
766691,,House Manager,Orem
766601,,Assistant Manager,Orem
766775,,Direct Support Professional,St. George
766800,,House Manager,Lehi
766838,,Direct Support Professional,Logan
766872,,Direct Support Professional,South Valley
766860,,Direct Support Professional,Orem
766949,,Direct Support Professional,Logan
767289,,Direct Support Professional,Orem
767319,,Direct Support Professional,Ogden
767276,,Direct Support Professional,Spanish Fork
767519,,Direct Support Professional,South Valley
767466,,Direct Support Professional,Lehi
767167,,Direct Support Professional,Lehi
767433,,Direct Support Professional,Spanish Fork
767507,,Direct Support Professional,Vernal
767509,,Direct Support Professional,Logan
767501,,Direct Support Professional,Ogden
767502,,Direct Support Professional,Logan
767187,,Host Home,Salt Lake
767609,,Direct Support Professional,Orem
767586,,Direct Support Professional,St. George
767624,,Job Coach,Logan
767556,,Direct Support Professional,Orem
767655,,Direct Support Professional,St. George
767653,,Direct Support Professional,Layton
767668,,Day Service Employee,Lehi
767722,,Day Service Employee,Lehi
767731,,Direct Support Professional,Tremonton
767867,,Direct Support Professional,St. George
767852,,Direct Support Professional,Vernal
767807,,Direct Support Professional,Spanish Fork
767876,,Assistant Manager,Tremonton
767881,,Assistant Manager,Tremonton
767952,,Direct Support Professional,Vernal
767948,,Host Home,South Valley
767883,,Direct Support Professional,Salt Lake
767955,,Day Service Employee,Ogden
767921,,House Manager,Layton
767986,,Professional Parent,South Valley
768043,,Administrative  Assistant,South Valley
768013,,Direct Support Professional,Spanish Fork
768165,,Direct Support Professional,Salt Lake
768091,,Direct Support Professional,Spanish Fork
768075,,Direct Support Professional,St. George
768076,,Direct Support Professional,Spanish Fork
768108,,Direct Support Professional,Tremonton
768082,,Host Home,Spanish Fork
768171,,Direct Support Professional,Tremonton
768199,,House / Residential Manager,Vernal
768172,,Direct Support Professional,Salt Lake
768224,,Direct Support Professional,Tremonton
768174,,Direct Support Professional,Tremonton
768250,,Direct Support Professional,Price
768197,,Direct Support Professional,South Valley
768177,,Direct Support Professional,St. George
768175,,Direct Support Professional,Salt Lake
768297,,Direct Support Professional,Vernal
768362,,Direct Support Professional,Tremonton
768286,,Direct Support Professional,Spanish Fork
768280,,Direct Support Professional,Orem
768331,,Direct Support Professional,South Valley
768301,,Direct Support Professional,Roosevelt
768437,,Direct Support Professional,Logan
768427,,House / Residential Manager,St. George
768410,,Direct Support Professional,Lehi
768401,,Direct Support Professional,St. George
768522,,Direct Support Professional,Spanish Fork
768484,,Direct Support Professional,Roosevelt
768487,,Direct Support Professional,St. George
768530,,Direct Support Professional,Lehi
768472,,Direct Support Professional,Orem
768501,,Direct Support Professional,Lehi
768460,,Direct Support Professional,Lehi
768452,,Direct Support Professional,South Valley
82111,,Day Program Supervisor,Price
90111,,Direct Support Professional,Vernal
97222,,House / Residential Manager,Salt Lake
99222,,Director,St. George
766446,,House Manager,Layton
766574,,Nurse,Spanish Fork
766705,,Work Crew,Lehi
766684,,House Manager,Vernal
766682,,Day Service Employee,Salt Lake
766629,,Day Service Employee,Price
766875,,House Manager,Tremonton
767008,,Host Home,St. George
766924,,Host Home,South Valley
767116,,Compliance Administrator ,Orem
767069,,Direct Support Professional,Lehi
767054,,House Manager,Orem
767048,,Direct Support Professional,St. George
767095,,Direct Support Professional,St. George
767438,,Host Home,South Valley
767127,,Direct Support Professional,Vernal
767182,,Day Service Employee,Orem
767373,,Nurse,Ogden
767382,,Work Crew,Lehi
767496,,Direct Support Professional,Salt Lake
767356,,Direct Support Professional,Vernal
767499,,Direct Support Professional,Lehi
767186,,Direct Support Professional,Vernal
767365,,Direct Support Professional,Vernal
767574,,Direct Support Professional,Salt Lake
767546,,Direct Support Professional,Roosevelt
767576,,Direct Support Professional,Layton
767620,,House Manager,Salt Lake
767626,,Direct Support Professional,Orem
767642,,Direct Support Professional,Vernal
767681,,Host Home,Ogden
767870,,Direct Support Professional,Layton
767751,,Direct Support Professional,Ogden
767811,,Direct Support Professional,Lehi
767926,,Direct Support Professional,Spanish Fork
767931,,Job Coach,Price
768005,,Direct Support Professional,St. George
768002,,Direct Support Professional,Orem
768089,,Direct Support Professional,Logan
768106,,Direct Support Professional,Roosevelt
768095,,Direct Support Professional,Tremonton
768195,,Direct Support Professional,Price
768235,,Direct Support Professional,St. George
768227,,Direct Support Professional,Tremonton
768192,,Direct Support Professional,St. George
768348,,Direct Support Professional,Logan
768298,,Direct Support Professional,St. George
768293,,Direct Support Professional,Lehi
768334,,Assistant Manager,South Valley
768375,,Direct Support Professional,Tremonton
768266,,Host Home,Salt Lake
768376,,Direct Support Professional,St. George
768391,,Direct Support Professional,Spanish Fork
768428,,Direct Support Professional,Spanish Fork
768394,,Direct Support Professional,Tremonton
768435,,Direct Support Professional,Layton
768424,,Direct Support Professional,Salt Lake
768390,,Day Service Employee,Salt Lake
768477,,Direct Support Professional,Spanish Fork
768454,,Direct Support Professional,Lehi
768456,,Direct Support Professional,Logan
89,,Direct Support Professional,Logan
77222,,Day Program Supervisor,Salt Lake
94222,,Day Service Employee,Salt Lake
766571,,Day Service Employee,Lehi
766662,,Direct Support Professional,Lehi
766679,,House Manager,Layton
766667,,Assistant Manager,South Valley
766911,,Professional Parent,Orem
767021,,Direct Support Professional,Lehi
767016,,Direct Support Professional,Orem
767032,,Direct Support Professional,Layton
767326,,Direct Support Professional,Ogden
767220,,Day Service Employee,Orem
767337,,Direct Support Professional,Layton
767517,,Direct Support Professional,Spanish Fork
767533,,Direct Support Professional,Vernal
767234,,Direct Support Professional,South Valley
767607,,Direct Support Professional,Salt Lake
767569,,Direct Support Professional,Ogden
767635,,Direct Support Professional,Vernal
767661,,Direct Support Professional,Orem
767717,,Assistant Manager,Lehi
767857,,Day Service Employee,Salt Lake
767806,,Direct Support Professional,Salt Lake
767860,,Direct Support Professional,Orem
767844,,Direct Support Professional,St. George
767892,,House / Residential Manager,South Valley
767884,,Direct Support Professional,Vernal
767831,,Direct Support Professional,Orem
767826,,Day Service Employee,St. George
767847,,Assistant Manager,Orem
767796,,Direct Support Professional,Ogden
767901,,Direct Support Professional,Tremonton
767960,,Direct Support Professional,Logan
767949,,Direct Support Professional,Lehi
767984,,Direct Support Professional,St. George
768017,,Facilities Manager,Ogden
768124,,Administrative  Assistant,Overhead
768166,,Direct Support Professional,Spanish Fork
768115,,Direct Support Professional,Tremonton
768214,,Direct Support Professional,Layton
768360,,Direct Support Professional,Roosevelt
768271,,Direct Support Professional,Vernal
768378,,Direct Support Professional,Logan
768316,,Day Service Employee,Salt Lake
768318,,Direct Support Professional,Orem
768308,,Direct Support Professional,Vernal
768309,,Direct Support Professional,Roosevelt
768279,,Direct Support Professional,Layton
768369,,Administrative  Assistant,Lehi
768372,,Day Program Supervisor,Spanish Fork
768367,,Direct Support Professional,Lehi
768416,,Direct Support Professional,St. George
768392,,Administrative  Assistant,Logan
768386,,Direct Support Professional,Logan
768447,,Direct Support Professional,Vernal
768434,,Direct Support Professional,Vernal
768425,,Direct Support Professional,Logan
768523,,Direct Support Professional,Layton
768527,,Direct Support Professional,Layton
768489,,Direct Support Professional,St. George
768464,,Direct Support Professional,Orem
768518,,Direct Support Professional,Salt Lake
768479,,Assistant Manager,Spanish Fork
768519,,Assistant Manager,Spanish Fork
87111,,Director,Orem
92,,Direct Support Professional,Ogden
83222,,Day Service Employee,Salt Lake
9,,House Manager,Logan
95111,,Compliance Administrator ,Vernal
83111,,Assistant Manager,Orem
88,,Direct Support Professional,Layton
766539,,Direct Support Professional,Layton
766573,,Direct Support Professional,Vernal
766570,,Day Service Employee,Spanish Fork
766692,,Direct Support Professional,Layton
766668,,Direct Support Professional,South Valley
766767,,Direct Support Professional,Orem
766864,,House / Residential Manager,St. George
766881,,Direct Support Professional,Layton
766912,,Professional Parent,Orem
766839,,Direct Support Professional,Price
766997,,Direct Support Professional,Logan
767037,,House / Residential Manager,Lehi
766937,,Direct Support Professional,St. George
767055,,Direct Support Professional,Spanish Fork
767348,,Direct Support Professional,St. George
767173,,Day Service Employee,Tremonton
767406,,Direct Support Professional,Spanish Fork
767159,,Assistant Manager,South Valley
767380,,Work Crew,Lehi
767411,,Direct Support Professional,Orem
767358,,Direct Support Professional,Spanish Fork
767247,,Direct Support Professional,Layton
767253,,Direct Support Professional,Price
767490,,Direct Support Professional,Ogden
767428,,Direct Support Professional,Layton
767249,,Direct Support Professional,Price
767199,,Direct Support Professional,Layton
767565,,Direct Support Professional,Ogden
767568,,Direct Support Professional,Spanish Fork
767636,,House Manager,Price
767600,,Direct Support Professional,Lehi
767617,,Direct Support Professional,Vernal
767549,,Assistant Manager,Orem
767571,,Direct Support Professional,Logan
767676,,Assistant Manager,Tremonton
767690,,Direct Support Professional,Logan
767718,,Direct Support Professional,Logan
767723,,Administrative  Assistant,Orem
767734,,Direct Support Professional,St. George
767768,,Direct Support Professional,Ogden
767846,,Direct Support Professional,Vernal
767903,,Direct Support Professional,Layton
767914,,Assistant Manager,Tremonton
767904,,Direct Support Professional,Salt Lake
767935,,Direct Support Professional,Layton
767940,,Direct Support Professional,St. George
767930,,Direct Support Professional,Vernal
767975,,Direct Support Professional,Layton
768037,,Host Home,Tremonton
768021,,House Manager,Salt Lake
768052,,Direct Support Professional,Vernal
768048,,Day Service Employee,Orem
767979,,Direct Support Professional,Ogden
768030,,Day Service Employee,Tremonton
768129,,Direct Support Professional,Orem
768083,,Direct Support Professional,Ogden
768079,,Direct Support Professional,Roosevelt
768136,,Direct Support Professional,Spanish Fork
768090,,Direct Support Professional,Spanish Fork
768055,,Direct Support Professional,Logan
768056,,Direct Support Professional,Roosevelt
768152,,Direct Support Professional,Spanish Fork
768228,,Direct Support Professional,Salt Lake
768182,,Direct Support Professional,Tremonton
768220,,Direct Support Professional,Vernal
768243,,Direct Support Professional,St. George
768307,,Direct Support Professional,Layton
768283,,Direct Support Professional,Logan
768305,,Assistant Manager,Orem
768415,,Direct Support Professional,Logan
768399,,Direct Support Professional,South Valley
768385,,Direct Support Professional,Price
768445,,Direct Support Professional,Salt Lake
768395,,Direct Support Professional,Roosevelt
768381,,Day Service Employee,Lehi
768419,,Host Home,Salt Lake
768407,,Direct Support Professional,Logan
768526,,Direct Support Professional,Layton
768466,,Direct Support Professional,Tremonton
768502,,Direct Support Professional,Lehi
768513,,Direct Support Professional,Layton
768494,,Direct Support Professional,Spanish Fork
768515,,Day Service Employee,Orem
79,,Assistant Director,Logan
82,,Assistant Director,Tremonton
766451,,Compliance Administrator ,Orem
766556,,Direct Support Professional,Orem
766602,,Direct Support Professional,Orem
766577,,Day Service Employee,Tremonton
766616,,Administrative  Assistant,Orem
766588,,Direct Support Professional,Tremonton
766768,,Direct Support Professional,Tremonton
766737,,Direct Support Professional,Orem
766783,,Job Coach,Layton
766797,,Direct Support Professional,Ogden
766984,,Direct Support Professional,St. George
767058,,Day Service Employee,Lehi
767097,,Direct Support Professional,St. George
767109,,Direct Support Professional,Layton
767070,,Compliance Administrator ,St. George
767137,,House Manager,Layton
767210,,Host Home,South Valley
767165,,Direct Support Professional,Spanish Fork
767171,,Compliance Administrator ,Ogden
767379,,Work Crew,Lehi
767381,,Work Crew,Lehi
767164,,Direct Support Professional,Logan
767140,,Direct Support Professional,South Valley
767207,,Direct Support Professional,Salt Lake
767484,,Direct Support Professional,St. George
767625,,Host Home,Ogden
767608,,Direct Support Professional,Lehi
767540,,Direct Support Professional,Ogden
767732,,Direct Support Professional,Logan
767848,,Direct Support Professional,Layton
767773,,Day Service Employee,Salt Lake
767809,,Assistant Manager,South Valley
767911,,Direct Support Professional,Vernal
767920,,Direct Support Professional,Layton
768015,,Direct Support Professional,St. George
768006,,Direct Support Professional,Vernal
768046,,Direct Support Professional,Roosevelt
768060,,House Manager,Layton
768004,,Direct Support Professional,Ogden
768073,,Direct Support Professional,Salt Lake
768131,,Direct Support Professional,Roosevelt
768132,,Administrative  Assistant,Orem
768147,,Direct Support Professional,Spanish Fork
768158,,Direct Support Professional,Orem
768264,,Direct Support Professional,Spanish Fork
768207,,Direct Support Professional,Tremonton
768185,,Direct Support Professional,St. George
768236,,Direct Support Professional,Vernal
768257,,Direct Support Professional,Roosevelt
768353,,Direct Support Professional,Spanish Fork
768284,,Direct Support Professional,Price
768349,,Direct Support Professional,Layton
768294,,Assistant Manager,Lehi
768328,,Direct Support Professional,Vernal
768333,,Direct Support Professional,South Valley
768270,,Day Service Employee,St. George
768313,,Direct Support Professional,Layton
768423,,Direct Support Professional,Salt Lake
768379,,Direct Support Professional,Lehi
768455,,Direct Support Professional,Layton
768507,,Direct Support Professional,Spanish Fork
768510,,Direct Support Professional,Orem
766449,,Compliance Administrator ,Spanish Fork
766535,,Direct Support Professional,Vernal
766654,,Direct Support Professional,Ogden
766655,,Day Service Employee,Lehi
766610,,House Manager,Lehi
766595,,Job Coach,Logan
766722,,Direct Support Professional,St. George
766755,,Direct Support Professional,South Valley
766777,,Direct Support Professional,Vernal
766779,,Host Home,Ogden
766846,,Day Service Employee,Logan
766869,,Host Home,Spanish Fork
767047,,Recruiter,Layton
766936,,Direct Support Professional,St. George
767417,,Behavior Analyst,Price
767456,,Direct Support Professional,Vernal
767489,,Direct Support Professional,Spanish Fork
767248,,Direct Support Professional,Layton
767439,,Assistant Manager,Price
767392,,House Manager,Logan
767139,,Direct Support Professional,Ogden
767197,,Day Service Employee,Logan
767331,,Administrative  Assistant,Overhead
767531,,Direct Support Professional,Spanish Fork
767595,,Direct Support Professional,South Valley
767637,,Professional Parent,Ogden
767590,,Assistant Manager,Tremonton
767657,,Direct Support Professional,Lehi
767677,,Direct Support Professional,Spanish Fork
767712,,Day Service Employee,St. George
767840,,Direct Support Professional,Orem
767817,,Direct Support Professional,Lehi
767823,,Job Coach,Orem
767970,,Direct Support Professional,Layton
767944,,Direct Support Professional,Roosevelt
767967,,Direct Support Professional,Tremonton
767933,,Professional Parent,Ogden
767988,,Direct Support Professional,Roosevelt
767999,,Direct Support Professional,Tremonton
767992,,Direct Support Professional,Roosevelt
768003,,Direct Support Professional,South Valley
768144,,Direct Support Professional,Spanish Fork
768168,,Direct Support Professional,St. George
768092,,Day Service Employee,Orem
768125,,Day Service Employee,Lehi
768101,,Direct Support Professional,Roosevelt
768102,,Direct Support Professional,Ogden
768103,,Direct Support Professional,Ogden
768170,,Direct Support Professional,Roosevelt
768219,,Direct Support Professional,Orem
768229,,Direct Support Professional,Ogden
768196,,Direct Support Professional,Layton
768189,,Day Service Employee,Tremonton
768221,,Direct Support Professional,Roosevelt
768240,,Direct Support Professional,St. George
768299,,Day Service Employee,St. George
768364,,Direct Support Professional,Layton
768310,,Day Service Employee,St. George
768339,,Day Service Employee,St. George
768370,,Direct Support Professional,Lehi
768321,,Direct Support Professional,Roosevelt
768303,,Direct Support Professional,Price
768384,,Direct Support Professional,Layton
768436,,Nurse,Layton
768389,,Direct Support Professional,Layton
768412,,Direct Support Professional,Vernal
768490,,Direct Support Professional,St. George
768470,,Direct Support Professional,St. George
768491,,Direct Support Professional,St. George
768509,,Direct Support Professional,Spanish Fork
768516,,Direct Support Professional,Orem
768499,,Direct Support Professional,Spanish Fork
768493,,Host Home,Salt Lake
85,,Direct Support Professional,Layton
97111,,Host Home,Roosevelt
81,,House Manager,Logan
77,,Host Home,Ogden
766456,,Facilities Manager,Ogden
766561,,Recruiter,Spanish Fork
766553,,Direct Support Professional,Price
766615,,House Manager,Roosevelt
766568,,Direct Support Professional,Tremonton
766741,,Direct Support Professional,Roosevelt
766730,,Administrative  Assistant,South Valley
766965,,Compliance Administrator ,Layton
766959,,House Manager,Spanish Fork
767002,,Direct Support Professional,St. George
767128,,Direct Support Professional,Roosevelt
767403,,Direct Support Professional,Logan
767467,,Supported Employment Supervisor,Spanish Fork
767469,,Compliance Administrator ,Spanish Fork
767520,,Assistant Manager,Orem
767523,,Direct Support Professional,Roosevelt
767313,,Day Service Employee,Ogden
767449,,Direct Support Professional,Orem
767497,,Direct Support Professional,Ogden
767152,,Direct Support Professional,Tremonton
767436,,Direct Support Professional,Layton
767390,,Direct Support Professional,Logan
767640,,Direct Support Professional,Ogden
767650,,Direct Support Professional,Price
767674,,Behavior Analyst,Lehi
767761,,Direct Support Professional,Layton
767727,,House Manager,Layton
767728,,Day Service Employee,Lehi
767713,,Direct Support Professional,Spanish Fork
767696,,Day Service Employee,Logan
767791,,Direct Support Professional,Orem
767815,,Direct Support Professional,Price
767862,,Direct Support Professional,Tremonton
767767,,Day Service Employee,Ogden
767959,,Direct Support Professional,Logan
767906,,Direct Support Professional,Tremonton
767946,,Day Service Employee,South Valley
767977,,Host Home,Lehi
767983,,Direct Support Professional,Roosevelt
767918,,Direct Support Professional,Logan
768036,,Direct Support Professional,Lehi
767987,,Direct Support Professional,Layton
768063,,Behavior Analyst,St. George
768155,,Direct Support Professional,St. George
768169,,House Manager,St. George
768162,,Direct Support Professional,Spanish Fork
768150,,Direct Support Professional,Vernal
768142,,Direct Support Professional,Salt Lake
768202,,Direct Support Professional,Tremonton
768253,,Direct Support Professional,Layton
768198,,Direct Support Professional,South Valley
768248,,Direct Support Professional,St. George
768190,,Direct Support Professional,Vernal
768191,,Day Service Employee,Salt Lake
768365,,Direct Support Professional,Logan
768356,,Direct Support Professional,St. George
768282,,Direct Support Professional,Spanish Fork
768346,,Assistant Manager,Orem
768322,,Direct Support Professional,Roosevelt
768325,,Direct Support Professional,Orem
768387,,Direct Support Professional,Salt Lake
768397,,Direct Support Professional,Spanish Fork
768409,,Direct Support Professional,Spanish Fork
768450,,Assistant Manager,South Valley
768420,,Direct Support Professional,Spanish Fork
768482,,Direct Support Professional,Logan
768463,,Direct Support Professional,Spanish Fork
768467,,House / Residential Manager,St. George
768517,,Direct Support Professional,Vernal
768461,,Direct Support Professional,St. George
768506,,Direct Support Professional,Price
768498,,Direct Support Professional,Spanish Fork
767729,,Work Crew,Lehi